Item_ID,Target
YOSHTLYNYOSHZZ_11_2021,162789.1
YOSHTLYNYOSHZZ_12_2021,174246.13
YOSHTLYNYOSHZZ_1_2022,158200.21
YOSHTLYNYOSHZZ_2_2022,344936.63
YOSHRENECARL_11_2021,319277.9188571429
YOSHRENECARL_12_2021,314323.77
YOSHRENECARL_1_2022,400692.15
YOSHRENECARL_2_2022,353830.77
YOSHLEENBART_11_2021,281369.4328571429
YOSHLEENBART_12_2021,223646.9562857143
YOSHLEENBART_1_2022,307283.42
YOSHLEENBART_2_2022,205294.58
YOSHILSEHOWAZZ_11_2021,77960.48
YOSHILSEHOWAZZ_12_2021,121549.87
YOSHILSEHOWAZZ_1_2022,125379.01
YOSHILSEHOWAZZ_2_2022,140938.69
WHITSHIAALBEZZ_11_2021,93570.81
WHITSHIAALBEZZ_12_2021,86702.67
WHITSHIAALBEZZ_1_2022,107145.01
WHITSHIAALBEZZ_2_2022,66361.63
WHITOLPHKAITZZ_11_2021,87523.2
WHITOLPHKAITZZ_12_2021,73553.93
WHITOLPHKAITZZ_1_2022,438568.22
WHITOLPHKAITZZ_2_2022,422248.79
WHITESHAMITCZZ_11_2021,429643.69
WHITESHAMITCZZ_12_2021,552956.18
WHITESHAMITCZZ_1_2022,462849.83
WHITESHAMITCZZ_2_2022,346952.5
WHITENNEANHZZ_11_2021,82142.48166666667
WHITENNEANHZZ_12_2021,66375.13666666666
WHITENNEANHZZ_1_2022,133401.97
WHITENNEANHZZ_2_2022,123727.82
WHITEENAREVA_11_2021,399968.65896825393
WHITEENAREVA_12_2021,318553.045
WHITEENAREVA_1_2022,84676.67
WHITEENAREVA_2_2022,205689.65
WALLUTHEGRAHZZ_11_2021,92685.448
WALLUTHEGRAHZZ_12_2021,85918.60800000001
WALLUTHEGRAHZZ_1_2022,141637.66
WALLUTHEGRAHZZ_2_2022,126209.67
WALLUDIETERRZZ_11_2021,41127.8
WALLUDIETERRZZ_12_2021,41208.84
WALLUDIETERRZZ_1_2022,111126.1
WALLUDIETERRZZ_2_2022,152821.18
WALLNALDDUAN_11_2021,42161.06
WALLNALDDUAN_12_2021,45939.55
WALLNALDDUAN_1_2022,71224.03
WALLNALDDUAN_2_2022,35252.4
WALLLIAMSUDI_11_2021,1817589.4319999998
WALLLIAMSUDI_12_2021,1780269.836666667
WALLLIAMSUDI_1_2022,924352.37
WALLLIAMSUDI_2_2022,835015.9
WALLHORARUBYZZ_11_2021,394026.61
WALLHORARUBYZZ_12_2021,339415.78
WALLHORARUBYZZ_1_2022,141333.76
WALLHORARUBYZZ_2_2022,166324.47
WALLHAELARLEZZ_11_2021,967344.09
WALLHAELARLEZZ_12_2021,630724.19
WALLHAELARLEZZ_1_2022,63454.32
WALLHAELARLEZZ_2_2022,45422.92
WALLANDALEAN_11_2021,496769.41142857145
WALLANDALEAN_12_2021,474458.81
WALLANDALEAN_1_2022,497646.38
WALLANDALEAN_2_2022,491142.92
TRANNARDCARLZZ_11_2021,270144.814
TRANNARDCARLZZ_12_2021,257636.29
TRANNARDCARLZZ_1_2022,70677.01
TRANNARDCARLZZ_2_2022,57133.2
TRANETTEALONZZ_11_2021,195444.84333333332
TRANETTEALONZZ_12_2021,250970.75
TRANETTEALONZZ_1_2022,204230.93
TRANETTEALONZZ_2_2022,221310.11
THORRISAJULIZZ_11_2021,328343.69
THORRISAJULIZZ_12_2021,325061.57
THORRISAJULIZZ_1_2022,375650.79
THORRISAJULIZZ_2_2022,527307.02
TERRUTHEHARLZZ_11_2021,64558.49
TERRUTHEHARLZZ_12_2021,74247.835
TERRUTHEHARLZZ_1_2022,103761.59
TERRUTHEHARLZZ_2_2022,119878.42
TERRETHAARMA_11_2021,242392.3283333333
TERRETHAARMA_12_2021,293915.19666666666
TERRETHAARMA_1_2022,69228.42
TERRETHAARMA_2_2022,107286.83
SUNDSHIESUNDZZ_11_2021,140928.56
SUNDSHIESUNDZZ_12_2021,176434.21
SUNDSHIESUNDZZ_1_2022,126574.35
SUNDSHIESUNDZZ_2_2022,74019.91
SUNDSAACETHAZZ_11_2021,125076.07476190476
SUNDSAACETHAZZ_12_2021,140634.79
SUNDSAACETHAZZ_1_2022,132996.77
SUNDSAACETHAZZ_2_2022,119088.28
SUNDROBBART_11_2021,499545.2484999999
SUNDROBBART_12_2021,482748.6955
SUNDROBBART_1_2022,53891.6
SUNDROBBART_2_2022,51683.26
SUNDRENEASHLZZ_11_2021,66914.05266666667
SUNDRENEASHLZZ_12_2021,120779.99
SUNDRENEASHLZZ_1_2022,157440.46
SUNDRENEASHLZZ_2_2022,189177.75
SUNDBARTLEATZZ_11_2021,117670.08
SUNDBARTLEATZZ_12_2021,185237.18
SUNDBARTLEATZZ_1_2022,84139.78
SUNDBARTLEATZZ_2_2022,91585.33
SUDIUANEARLE_11_2021,390231.912
SUDIUANEARLE_12_2021,348999.4353333333
SUDIUANEARLE_1_2022,291490.75
SUDIUANEARLE_2_2022,578108.97
SUDISHIEELLY_11_2021,361506.80965873017
SUDISHIEELLY_12_2021,488548.5144444445
SUDISHIEELLY_1_2022,165878.75
SUDISHIEELLY_2_2022,189147.36
SUDIEIDAYOSH_11_2021,643304.3234523811
SUDIEIDAYOSH_12_2021,821292.2825
SUDIEIDAYOSH_1_2022,208505.79
SUDIEIDAYOSH_2_2022,320168.78
SIGRRTIENOLAZZ_11_2021,1368289.49
SIGRRTIENOLAZZ_12_2021,1316970.91
SIGRRTIENOLAZZ_1_2022,226912.0
SIGRRTIENOLAZZ_2_2022,240212.69
SIGRREYHOWA_11_2021,1843840.0004523809
SIGRREYHOWA_12_2021,2286889.346547619
SIGRREYHOWA_1_2022,600476.01
SIGRREYHOWA_2_2022,622620.19
SIGRMULASUDI_11_2021,90438.1075
SIGRMULASUDI_12_2021,93206.13
SIGRMULASUDI_1_2022,290437.23
SIGRMULASUDI_2_2022,164713.8
SIGRMBERCARL_11_2021,1762928.4585000002
SIGRMBERCARL_12_2021,2138469.338
SIGRMBERCARL_1_2022,728721.81
SIGRMBERCARL_2_2022,545530.89
SIGRERRYARTIZZ_11_2021,46446.05
SIGRERRYARTIZZ_12_2021,67962.17
SIGRERRYARTIZZ_1_2022,122704.69
SIGRERRYARTIZZ_2_2022,144757.7
SHERTTNYNOLAZZ_11_2021,138828.24921428572
SHERTTNYNOLAZZ_12_2021,188225.0235
SHERTTNYNOLAZZ_1_2022,122258.97
SHERTTNYNOLAZZ_2_2022,120779.99
SHERANDARIGOZZ_11_2021,30920.812
SHERANDARIGOZZ_12_2021,24737.46
SHERANDARIGOZZ_1_2022,135590.05
SHERANDARIGOZZ_2_2022,152871.83
SAMATNEYANTOZZ_11_2021,183038.97
SAMATNEYANTOZZ_12_2021,184558.47
SAMATNEYANTOZZ_1_2022,97126.44
SAMATNEYANTOZZ_2_2022,116545.65
SAMATINEWHIT_11_2021,1613732.636666667
SAMATINEWHIT_12_2021,1930748.9606666667
SAMATINEWHIT_1_2022,177680.2
SAMATINEWHIT_2_2022,190281.92
SAMARTHAMAXIZZ_11_2021,502660.73
SAMARTHAMAXIZZ_12_2021,508394.31
SAMARTHAMAXIZZ_1_2022,251527.9
SAMARTHAMAXIZZ_2_2022,357021.72
SAMANDAYLAZA_11_2021,1986452.2870476192
SAMANDAYLAZA_12_2021,3094023.0727619044
SAMANDAYLAZA_1_2022,1002616.75
SAMANDAYLAZA_2_2022,804889.28
SAMABARTRUTHZZ_11_2021,76004.54583333334
SAMABARTRUTHZZ_12_2021,124842.12
SAMABARTRUTHZZ_1_2022,11872.36
SAMABARTRUTHZZ_2_2022,7070.74
RUTHMULASUDI_11_2021,702115.1238095239
RUTHMULASUDI_12_2021,444333.1547619048
RUTHMULASUDI_1_2022,445405.97
RUTHMULASUDI_2_2022,444777.91
RUTHMONDARMAZZ_11_2021,145206.3142857143
RUTHMONDARMAZZ_12_2021,123842.1442857143
RUTHMONDARMAZZ_1_2022,241711.93
RUTHMONDARMAZZ_2_2022,657021.67
RUTHILDAREVA_11_2021,693747.1408333335
RUTHILDAREVA_12_2021,636944.01
RUTHILDAREVA_1_2022,261749.07
RUTHILDAREVA_2_2022,390521.63
RUTHELLYCATHZZ_11_2021,328168.9475
RUTHELLYCATHZZ_12_2021,326145.48
RUTHELLYCATHZZ_1_2022,122593.26
RUTHELLYCATHZZ_2_2022,118146.19
RUTHATHALAZAZZ_11_2021,68357.24
RUTHATHALAZAZZ_12_2021,98048.27
RUTHATHALAZAZZ_1_2022,158068.52
RUTHATHALAZAZZ_2_2022,208941.38
RUDOZAROANIBZZ_11_2021,153524.202
RUDOZAROANIBZZ_12_2021,146210.342
RUDOZAROANIBZZ_1_2022,280266.71
RUDOZAROANIBZZ_2_2022,347773.03
RUDOXIMOYOSHZZ_11_2021,76476.435
RUDOXIMOYOSHZZ_12_2021,114033.41
RUDOXIMOYOSHZZ_1_2022,128296.45
RUDOXIMOYOSHZZ_2_2022,175117.31
RUDOCHELLYNE_11_2021,2298080.222857143
RUDOCHELLYNE_12_2021,2306438.92
RUDOCHELLYNE_1_2022,1478362.07
RUDOCHELLYNE_2_2022,1112537.38
RUDOALLYCATH_11_2021,2432326.4560000002
RUDOALLYCATH_12_2021,2551473.49
RUDOALLYCATH_1_2022,325000.79
RUDOALLYCATH_2_2022,799165.83
RUBYUDIEMAXIZZ_11_2021,525422.84
RUBYUDIEMAXIZZ_12_2021,502448.0
RUBYUDIEMAXIZZ_1_2022,262285.96
RUBYUDIEMAXIZZ_2_2022,355036.24
RUBYEDESJEANZZ_11_2021,33303.388
RUBYEDESJEANZZ_12_2021,31382.74
RUBYEDESJEANZZ_1_2022,149255.42
RUBYEDESJEANZZ_2_2022,149478.28
RUBYARTNOLAZZ_11_2021,65814.61
RUBYARTNOLAZZ_12_2021,82934.31
RUBYARTNOLAZZ_1_2022,124315.36
RUBYARTNOLAZZ_2_2022,123504.96
ROSEINDIPENNZZ_11_2021,71088.72214285715
ROSEINDIPENNZZ_12_2021,86550.72
ROSEINDIPENNZZ_1_2022,38402.83
ROSEINDIPENNZZ_2_2022,30977.54
ROSEERRYHANGZZ_11_2021,80703.1775
ROSEERRYHANGZZ_12_2021,93396.0675
ROSEERRYHANGZZ_1_2022,49049.46
ROSEERRYHANGZZ_2_2022,106749.94
ROBZAROCATH_11_2021,395014.285
ROBZAROCATH_12_2021,449037.575
ROBZAROCATH_1_2022,44946.81
ROBZAROCATH_2_2022,51733.91
ROBXIMOJEAN_11_2021,1131094.7923095238
ROBXIMOJEAN_12_2021,1203292.990642857
ROBXIMOJEAN_1_2022,688161.29
ROBXIMOJEAN_2_2022,612166.03
ROBUREARUTH_11_2021,2461762.21
ROBUREARUTH_12_2021,2795302.59
ROBUREARUTH_1_2022,456326.11
ROBUREARUTH_2_2022,438659.39
ROBOLPHNOLAZZ_11_2021,153732.88
ROBOLPHNOLAZZ_12_2021,154239.38
ROBOLPHNOLAZZ_1_2022,555711.54
ROBOLPHNOLAZZ_2_2022,609826.0
ROBJAYEARMAZZ_11_2021,295461.71
ROBJAYEARMAZZ_12_2021,328080.31
ROBJAYEARMAZZ_1_2022,740026.89
ROBJAYEARMAZZ_2_2022,775856.7
RIGOREVACOREZZ_11_2021,267950.3183333333
RIGOREVACOREZZ_12_2021,276999.785
RIGOREVACOREZZ_1_2022,393925.31
RIGOREVACOREZZ_2_2022,895360.31
RIGORANGTERRZZ_11_2021,185400.27300000002
RIGORANGTERRZZ_12_2021,191234.14
RIGORANGTERRZZ_1_2022,181914.54
RIGORANGTERRZZ_2_2022,212740.13
RIGOLROYANHZZ_11_2021,507938.46
RIGOLROYANHZZ_12_2021,491112.53
RIGOLROYANHZZ_1_2022,381911.13
RIGOLROYANHZZ_2_2022,345463.39
RIGOILSEDONA_11_2021,201366.22227777776
RIGOILSEDONA_12_2021,197024.6731111111
RIGOILSEDONA_1_2022,223538.71
RIGOILSEDONA_2_2022,165200.04
RIGOERINABEZZ_11_2021,196947.46
RIGOERINABEZZ_12_2021,172027.66
RIGOERINABEZZ_1_2022,192976.5
RIGOERINABEZZ_2_2022,173040.66
RIGOANNALAKEZZ_11_2021,25294.61
RIGOANNALAKEZZ_12_2021,47347.62
RIGOANNALAKEZZ_1_2022,141303.37
RIGOANNALAKEZZ_2_2022,147371.24
RICKUTHESHERZZ_11_2021,312662.45
RICKUTHESHERZZ_12_2021,357578.87
RICKUTHESHERZZ_1_2022,100449.08
RICKUTHESHERZZ_2_2022,95232.13
RICKONIOCATHZZ_11_2021,61953.39166666666
RICKONIOCATHZZ_12_2021,91722.085
RICKONIOCATHZZ_1_2022,137555.27
RICKONIOCATHZZ_2_2022,132358.58
RICKINDADESMZZ_11_2021,23592.77
RICKINDADESMZZ_12_2021,29842.98
RICKINDADESMZZ_1_2022,79165.95
RICKINDADESMZZ_2_2022,58561.53
RICKETTASUDIZZ_11_2021,345868.59
RICKETTASUDIZZ_12_2021,317170.3
RICKETTASUDIZZ_1_2022,199692.69
RICKETTASUDIZZ_2_2022,213408.71
RHEBNALDCIND_11_2021,692502.2361904762
RHEBNALDCIND_12_2021,830376.36
RHEBNALDCIND_1_2022,380857.61
RHEBNALDCIND_2_2022,264038.45
REYXIMOMAXI_11_2021,1377290.8874047622
REYXIMOMAXI_12_2021,1397330.511666667
REYXIMOMAXI_1_2022,726027.23
REYXIMOMAXI_2_2022,508333.53
REYRUBYDONAZZ_11_2021,17291.91
REYRUBYDONAZZ_12_2021,27999.32
REYRUBYDONAZZ_1_2022,148607.1
REYRUBYDONAZZ_2_2022,151443.5
REYRTIECARLZZ_11_2021,198716.158
REYRTIECARLZZ_12_2021,221796.35
REYRTIECARLZZ_1_2022,127364.49
REYRTIECARLZZ_2_2022,153317.55
REYORIAARLEZZ_11_2021,22677.69333333333
REYORIAARLEZZ_12_2021,49515.44
REYORIAARLEZZ_1_2022,117791.64
REYORIAARLEZZ_2_2022,77352.68
REYIBALARLEZZ_11_2021,332654.00499999995
REYIBALARLEZZ_12_2021,298932.92333333334
REYIBALARLEZZ_1_2022,321982.05
REYIBALARLEZZ_2_2022,277632.91
REYETTEARLE_11_2021,166401.53035714285
REYETTEARLE_12_2021,167836.3725
REYETTEARLE_1_2022,129937.51
REYETTEARLE_2_2022,117619.43
REYELIAPENNZZ_11_2021,59371.93
REYELIAPENNZZ_12_2021,64082.38
REYELIAPENNZZ_1_2022,154837.05
REYELIAPENNZZ_2_2022,113749.77
REVAUDIEREYZZ_11_2021,126908.64
REVAUDIEREYZZ_12_2021,154958.61
REVAUDIEREYZZ_1_2022,216032.38
REVAUDIEREYZZ_2_2022,301570.1
REVALIZAMICHZZ_11_2021,47405.50571428571
REVALIZAMICHZZ_12_2021,59412.45
REVALIZAMICHZZ_1_2022,406486.51
REVALIZAMICHZZ_2_2022,446874.82
REVAJAYENOLA_11_2021,80237.55928571429
REVAJAYENOLA_12_2021,64361.968
REVAJAYENOLA_1_2022,130788.43
REVAJAYENOLA_2_2022,311365.81
REVAICKIBRITZZ_11_2021,95515.77
REVAICKIBRITZZ_12_2021,189876.72
REVAICKIBRITZZ_1_2022,147219.29
REVAICKIBRITZZ_2_2022,212112.07
REVAHALLAZAZZ_11_2021,678466.88
REVAHALLAZAZZ_12_2021,683400.19
REVAHALLAZAZZ_1_2022,48016.2
REVAHALLAZAZZ_2_2022,66746.57
REVAGRIDRIGO_11_2021,606477.2752500001
REVAGRIDRIGO_12_2021,624821.7766666666
REVAGRIDRIGO_1_2022,758676.22
REVAGRIDRIGO_2_2022,624463.85
REENZAROAUREZZ_11_2021,70406.0325
REENZAROAUREZZ_12_2021,75174.73
REENZAROAUREZZ_1_2022,286243.41
REENZAROAUREZZ_2_2022,299260.46
REENOVANALBE_11_2021,470350.7573333334
REENOVANALBE_12_2021,400467.26399999997
REENOVANALBE_1_2022,482248.78
REENOVANALBE_2_2022,266925.5
REENNDISSUDIZZ_11_2021,226537.19
REENNDISSUDIZZ_12_2021,240709.06
REENNDISSUDIZZ_1_2022,553006.83
REENNDISSUDIZZ_2_2022,593364.75
REENNDISRICKZZ_11_2021,121033.24
REENNDISRICKZZ_12_2021,128772.56
REENNDISRICKZZ_1_2022,251061.92
REENNDISRICKZZ_2_2022,276133.67
REENMARXKAIT_11_2021,896584.0140000001
REENMARXKAIT_12_2021,902364.192
REENMARXKAIT_1_2022,398807.97
REENMARXKAIT_2_2022,386935.61
REENESHAALON_11_2021,369182.7849999999
REENESHAALON_12_2021,426646.8983333334
REENESHAALON_1_2022,240405.16
REENESHAALON_2_2022,283640.0
REENBARTLEANZZ_11_2021,145993.56
REENBARTLEANZZ_12_2021,158575.02
REENBARTLEANZZ_1_2022,119483.35
REENBARTLEANZZ_2_2022,337632.9
PENNOVANLILL_11_2021,250050.25860714287
PENNOVANLILL_12_2021,197277.698
PENNOVANLILL_1_2022,171561.68
PENNOVANLILL_2_2022,97085.92
PENNANNABARTZZ_11_2021,41350.66
PENNANNABARTZZ_12_2021,88475.42
PENNANNABARTZZ_1_2022,72500.41
PENNANNABARTZZ_2_2022,40489.61
PAMUUREAELIZZZ_11_2021,36812.42
PAMUUREAELIZZZ_12_2021,57183.85
PAMUUREAELIZZZ_1_2022,162991.7
PAMUUREAELIZZZ_2_2022,198598.65
PAMUUREAELIZ_11_2021,76268.77
PAMUUREAELIZ_12_2021,92183.0
PAMUUREAELIZ_1_2022,124680.04
PAMUUREAELIZ_2_2022,121610.65
PAMULONAJAYEZZ_11_2021,118217.1
PAMULONAJAYEZZ_12_2021,133624.83
PAMULONAJAYEZZ_1_2022,139165.94
PAMULONAJAYEZZ_2_2022,147573.84
PAMUEIDAASHL_11_2021,831366.7363333334
PAMUEIDAASHL_12_2021,1084007.5856666667
PAMUEIDAASHL_1_2022,629792.23
PAMUEIDAASHL_2_2022,215687.96
PAMUABEARVIZZ_11_2021,120343.38699999999
PAMUABEARVIZZ_12_2021,127943.92599999999
PAMUABEARVIZZ_1_2022,79206.47
PAMUABEARVIZZ_2_2022,79074.78
ONEILONACARL_11_2021,3523298.947285714
ONEILONACARL_12_2021,3887063.34
ONEILONACARL_1_2022,1831797.77
ONEILONACARL_2_2022,1433790.07
ONEILENEILEEZZ_11_2021,60830.65
ONEILENEILEEZZ_12_2021,82255.6
ONEILENEILEEZZ_1_2022,40611.17
ONEILENEILEEZZ_2_2022,65389.15
NOVERTIEWALLZZ_11_2021,42809.38
NOVERTIEWALLZZ_12_2021,41593.78
NOVERTIEWALLZZ_1_2022,104106.01
NOVERTIEWALLZZ_2_2022,89285.82
NOVERENEETHAZZ_11_2021,52270.8
NOVERENEETHAZZ_12_2021,72166.12
NOVERENEETHAZZ_1_2022,29265.57
NOVERENEETHAZZ_2_2022,39162.58
NOVELIZAANHZZ_11_2021,153656.06083333335
NOVELIZAANHZZ_12_2021,149123.73
NOVELIZAANHZZ_1_2022,168279.56
NOVELIZAANHZZ_2_2022,318547.98
NOVEETHAROBZZ_11_2021,29939.215
NOVEETHAROBZZ_12_2021,51055.2
NOVEETHAROBZZ_1_2022,124153.28
NOVEETHAROBZZ_2_2022,165382.38
NOVEERINKAIT_11_2021,458324.6625238095
NOVEERINKAIT_12_2021,813479.6647142858
NOVEERINKAIT_1_2022,189127.1
NOVEERINKAIT_2_2022,185328.35
NOVEATHAASHLZZ_11_2021,148738.79
NOVEATHAASHLZZ_12_2021,238784.36
NOVEATHAASHLZZ_1_2022,129684.26
NOVEATHAASHLZZ_2_2022,159800.75
NOVEARLADUAN_11_2021,1633928.2267500001
NOVEARLADUAN_12_2021,1714002.33125
NOVEARLADUAN_1_2022,1182940.88
NOVEARLADUAN_2_2022,784649.54
NOLATNEYMARXZZ_11_2021,233890.60523809522
NOLATNEYMARXZZ_12_2021,271635.95
NOLATNEYMARXZZ_1_2022,184852.24
NOLATNEYMARXZZ_2_2022,337470.82
NOLAHEBADUANZZ_11_2021,817922.79125
NOLAHEBADUANZZ_12_2021,869889.69125
NOLAHEBADUANZZ_1_2022,540546.93
NOLAHEBADUANZZ_2_2022,544943.35
MITCNOLAJULI_11_2021,353283.75
MITCNOLAJULI_12_2021,432915.68
MITCNOLAJULI_1_2022,519557.57
MITCNOLAJULI_2_2022,302876.87
MITCKEVAALBE_11_2021,1408710.8430952383
MITCKEVAALBE_12_2021,1777363.7326190479
MITCKEVAALBE_1_2022,644926.45
MITCKEVAALBE_2_2022,1155964.69
MITCERTOKEVA_11_2021,843759.4406666666
MITCERTOKEVA_12_2021,856607.995
MITCERTOKEVA_1_2022,488681.33
MITCERTOKEVA_2_2022,331038.27
MITCELLATERR_11_2021,2036701.782222222
MITCELLATERR_12_2021,1885395.5999999996
MITCELLATERR_1_2022,1329248.47
MITCELLATERR_2_2022,856552.28
MICHRTIEJEAN_11_2021,1680329.9097619047
MICHRTIEJEAN_12_2021,1370026.0614285714
MICHRTIEJEAN_1_2022,1284939.85
MICHRTIEJEAN_2_2022,1011328.55
MICHMULAASHLZZ_11_2021,316035.74
MICHMULAASHLZZ_12_2021,319611.63
MICHMULAASHLZZ_1_2022,139652.18
MICHMULAASHLZZ_2_2022,181397.91
MICHICKIKARR_11_2021,2561259.07
MICHICKIKARR_12_2021,2570264.64
MICHICKIKARR_1_2022,1384132.81
MICHICKIKARR_2_2022,1205854.94
MICHEDESKAIT_11_2021,560559.1670833334
MICHEDESKAIT_12_2021,448421.24891666666
MICHEDESKAIT_1_2022,27421.91
MICHEDESKAIT_2_2022,38858.68
MERCTTNYMERCZZ_11_2021,99635.30333333332
MERCTTNYMERCZZ_12_2021,125902.39333333333
MERCTTNYMERCZZ_1_2022,123393.53
MERCTTNYMERCZZ_2_2022,121782.86
MERCTTNYLEAT_11_2021,231723.75
MERCTTNYLEAT_12_2021,228394.3566666667
MERCTTNYLEAT_1_2022,20492.99
MERCTTNYLEAT_2_2022,3049.13
MERCSAACJULI_11_2021,119432.41057142857
MERCSAACJULI_12_2021,198082.02
MERCSAACJULI_1_2022,60698.96
MERCSAACJULI_2_2022,91018.05
MERCNDAYLEAN_11_2021,1724716.1448571428
MERCNDAYLEAN_12_2021,1564197.612
MERCNDAYLEAN_1_2022,819709.47
MERCNDAYLEAN_2_2022,1128451.61
MERCMARXISAAZZ_11_2021,654075.866
MERCMARXISAAZZ_12_2021,665004.11
MERCMARXISAAZZ_1_2022,496197.79
MERCMARXISAAZZ_2_2022,575606.86
MERCIBALKEVA_11_2021,2413337.602166667
MERCIBALKEVA_12_2021,2731584.89
MERCIBALKEVA_1_2022,1280300.31
MERCIBALKEVA_2_2022,1768272.54
MERCHLIEHARLZZ_11_2021,52058.07
MERCHLIEHARLZZ_12_2021,57062.29
MERCHLIEHARLZZ_1_2022,8823.23
MERCHLIEHARLZZ_2_2022,16329.56
MAYNINDALAZA_11_2021,196237.68466666664
MAYNINDALAZA_12_2021,402275.8066666667
MAYNINDALAZA_1_2022,124902.9
MAYNINDALAZA_2_2022,312632.06
MAYNHEBARUTH_11_2021,845990.2596190475
MAYNHEBARUTH_12_2021,884745.5171428572
MAYNHEBARUTH_1_2022,103710.94
MAYNHEBARUTH_2_2022,171115.96
MAYNHAELRIGO_11_2021,786465.7042857143
MAYNHAELRIGO_12_2021,759706.5857142857
MAYNHAELRIGO_1_2022,426169.1
MAYNHAELRIGO_2_2022,214006.38
MAYNETHATERR_11_2021,893739.51
MAYNETHATERR_12_2021,834144.72
MAYNETHATERR_1_2022,86287.34
MAYNETHATERR_2_2022,86631.76
MAYNERTOILEE_11_2021,31605.6
MAYNERTOILEE_12_2021,48836.73
MAYNERTOILEE_1_2022,30491.3
MAYNERTOILEE_2_2022,32851.59
MAXIVETAAMBE_11_2021,228925.3375
MAXIVETAAMBE_12_2021,254589.6925
MAXIVETAAMBE_1_2022,375640.66
MAXIVETAAMBE_2_2022,622225.12
MAXITINEREVAZZ_11_2021,348260.95833333326
MAXITINEREVAZZ_12_2021,333682.2
MAXITINEREVAZZ_1_2022,482431.12
MAXITINEREVAZZ_2_2022,1231878.91
MAXIRUBYDESM_11_2021,1161242.9827777778
MAXIRUBYDESM_12_2021,1136763.0338095238
MAXIRUBYDESM_1_2022,522333.19
MAXIRUBYDESM_2_2022,648654.29
MAXIOVANLAKE_11_2021,1948351.0175
MAXIOVANLAKE_12_2021,1884878.97
MAXIOVANLAKE_1_2022,55846.69
MAXIOVANLAKE_2_2022,111156.49
MAXIGRIDABEZZ_11_2021,450562.14
MAXIGRIDABEZZ_12_2021,412969.71
MAXIGRIDABEZZ_1_2022,237862.53
MAXIGRIDABEZZ_2_2022,351855.42
MAXIEENAKATHZZ_11_2021,61083.9
MAXIEENAKATHZZ_12_2021,80462.59
MAXIEENAKATHZZ_1_2022,87178.78
MAXIEENAKATHZZ_2_2022,233162.21
MARXORIASIGRZZ_11_2021,193331.05
MARXORIASIGRZZ_12_2021,194080.67
MARXORIASIGRZZ_1_2022,187617.73
MARXORIASIGRZZ_2_2022,267948.63
MARXORIASIGR_11_2021,222348.435
MARXORIASIGR_12_2021,195417.83
MARXORIASIGR_1_2022,129633.61
MARXORIASIGR_2_2022,121671.43
MARXMONDHALZZ_11_2021,444522.63399999996
MARXMONDHALZZ_12_2021,413030.49
MARXMONDHALZZ_1_2022,202731.69
MARXMONDHALZZ_2_2022,454310.24
MARXENNEISAAZZ_11_2021,37541.78
MARXENNEISAAZZ_12_2021,53415.49
MARXENNEISAAZZ_1_2022,344065.45
MARXENNEISAAZZ_2_2022,836150.46
MALILIAMBART_11_2021,1001654.0382142856
MALILIAMBART_12_2021,789919.6725
MALILIAMBART_1_2022,32041.19
MALILIAMBART_2_2022,33094.71
MALIHEBAYOSHZZ_11_2021,57872.69
MALIHEBAYOSHZZ_12_2021,62360.28
MALIHEBAYOSHZZ_1_2022,58075.29
MALIHEBAYOSHZZ_2_2022,55056.55
MALIERTORIGOZZ_11_2021,418054.97
MALIERTORIGOZZ_12_2021,443825.69
MALIERTORIGOZZ_1_2022,83572.5
MALIERTORIGOZZ_2_2022,16380.21
MALIEENAKEVA_11_2021,1342823.3453333334
MALIEENAKEVA_12_2021,1440384.7
MALIEENAKEVA_1_2022,297102.77
MALIEENAKEVA_2_2022,387979.0
MALIARLARHEBZZ_11_2021,68029.70333333332
MALIARLARHEBZZ_12_2021,88603.73333333334
MALIARLARHEBZZ_1_2022,20077.66
MALIARLARHEBZZ_2_2022,24950.19
MALIANDAKRISZZ_11_2021,87941.90666666668
MALIANDAKRISZZ_12_2021,85861.88
MALIANDAKRISZZ_1_2022,136724.61
MALIANDAKRISZZ_2_2022,99466.47
MALIAHAMRICK_11_2021,659969.5
MALIAHAMRICK_12_2021,557134.805
MALIAHAMRICK_1_2022,72794.18
MALIAHAMRICK_2_2022,47084.24
LYNEUTHELAKE_11_2021,2141675.73625
LYNEUTHELAKE_12_2021,2443068.56125
LYNEUTHELAKE_1_2022,1032864.93
LYNEUTHELAKE_2_2022,1075107.03
LYNESAACELROZZ_11_2021,329256.5155555556
LYNESAACELROZZ_12_2021,312575.78222222225
LYNESAACELROZZ_1_2022,104308.61
LYNESAACELROZZ_2_2022,56849.56
LYNERRONCANDZZ_11_2021,1159581.1
LYNERRONCANDZZ_12_2021,1151193.46
LYNERRONCANDZZ_1_2022,101350.65
LYNERRONCANDZZ_2_2022,94958.62
LYNEHEBACANDZZ_11_2021,280553.7266666667
LYNEHEBACANDZZ_12_2021,276906.9266666667
LYNEHEBACANDZZ_1_2022,534408.15
LYNEHEBACANDZZ_2_2022,593253.32
LUANTLYNRIGOZZ_11_2021,47455.67333333333
LUANTLYNRIGOZZ_12_2021,60638.18
LUANTLYNRIGOZZ_1_2022,93955.75
LUANTLYNRIGOZZ_2_2022,89944.27
LUANRANGBRITZZ_11_2021,123353.01
LUANRANGBRITZZ_12_2021,120921.81
LUANRANGBRITZZ_1_2022,231642.71
LUANRANGBRITZZ_2_2022,185389.13
LUANANNAROBZZ_11_2021,50153.63
LUANANNAROBZZ_12_2021,84048.61
LUANANNAROBZZ_1_2022,175178.09
LUANANNAROBZZ_2_2022,198932.94
LILLRRONALBEZZ_11_2021,44987.33
LILLRRONALBEZZ_12_2021,93266.91
LILLRRONALBEZZ_1_2022,107560.34
LILLRRONALBEZZ_2_2022,104349.13
LILLRRONALBE_11_2021,60323.30583333333
LILLRRONALBE_12_2021,100137.5825
LILLRRONALBE_1_2022,104146.53
LILLRRONALBE_2_2022,107185.53
LILLRENENOVEZZ_11_2021,33580.95
LILLRENENOVEZZ_12_2021,44004.72
LILLRENENOVEZZ_1_2022,160904.92
LILLRENENOVEZZ_2_2022,150521.67
LILLLIZAARMA_11_2021,1894706.0347619047
LILLLIZAARMA_12_2021,1501160.3585714286
LILLLIZAARMA_1_2022,792105.22
LILLLIZAARMA_2_2022,760661.7
LILLICKIERICZZ_11_2021,246657.396
LILLICKIERICZZ_12_2021,249007.556
LILLICKIERICZZ_1_2022,178125.92
LILLICKIERICZZ_2_2022,187202.4
LILLETTEROSEZZ_11_2021,46020.59
LILLETTEROSEZZ_12_2021,48076.98
LILLETTEROSEZZ_1_2022,195326.66
LILLETTEROSEZZ_2_2022,186675.64
LILLCHELCOLL_11_2021,64762.97128571428
LILLCHELCOLL_12_2021,65980.06666666667
LILLCHELCOLL_1_2022,33094.71
LILLCHELCOLL_2_2022,19702.85
LILLATHARIGO_11_2021,889018.93
LILLATHARIGO_12_2021,876488.12
LILLATHARIGO_1_2022,32750.29
LILLATHARIGO_2_2022,26652.03
LEATSHIABRITZZ_11_2021,212871.82
LEATSHIABRITZZ_12_2021,198932.94
LEATSHIABRITZZ_1_2022,330308.91
LEATSHIABRITZZ_2_2022,371254.37
LEATREYROSEZZ_11_2021,323742.1375
LEATREYROSEZZ_12_2021,300820.48
LEATREYROSEZZ_1_2022,156072.91
LEATREYROSEZZ_2_2022,150633.1
LEATILSEDONOZZ_11_2021,84045.23333333332
LEATILSEDONOZZ_12_2021,75701.49
LEATILSEDONOZZ_1_2022,87644.76
LEATILSEDONOZZ_2_2022,92800.93
LEANVETADESMZZ_11_2021,40428.83
LEANVETADESMZZ_12_2021,56687.48
LEANVETADESMZZ_1_2022,96944.1
LEANVETADESMZZ_2_2022,135742.0
LEANVETADESM_11_2021,43163.93
LEANVETADESM_12_2021,53942.25
LEANVETADESM_1_2022,99071.4
LEANVETADESM_2_2022,143329.37
LAZASHIEMAYNZZ_11_2021,283007.88800000004
LAZASHIEMAYNZZ_12_2021,265973.28
LAZASHIEMAYNZZ_1_2022,115026.15
LAZASHIEMAYNZZ_2_2022,48583.48
LAZANOLAWHIT_11_2021,1130787.2262142857
LAZANOLAWHIT_12_2021,812081.1458571428
LAZANOLAWHIT_1_2022,1052517.13
LAZANOLAWHIT_2_2022,677950.25
LAZAJENEONEI_11_2021,567545.406
LAZAJENEONEI_12_2021,665034.5
LAZAJENEONEI_1_2022,116950.85
LAZAJENEONEI_2_2022,298328.5
LAZAANHNOLAZZ_11_2021,182056.36
LAZAANHNOLAZZ_12_2021,163093.0
LAZAANHNOLAZZ_1_2022,360050.59
LAZAANHNOLAZZ_2_2022,839858.04
LAZAABELEAN_11_2021,775324.875
LAZAABELEAN_12_2021,901929.615
LAZAABELEAN_1_2022,354519.61
LAZAABELEAN_2_2022,269346.57
LAVEWARDDUAN_11_2021,1318213.3545
LAVEWARDDUAN_12_2021,1097988.674
LAVEWARDDUAN_1_2022,460469.28
LAVEWARDDUAN_2_2022,293455.97
LAVEORIARUBYZZ_11_2021,42444.7
LAVEORIARUBYZZ_12_2021,56748.26
LAVEORIARUBYZZ_1_2022,163650.15
LAVEORIARUBYZZ_2_2022,174225.87
LAVENORAKAIT_11_2021,289976.65266666666
LAVENORAKAIT_12_2021,255205.76533333334
LAVENORAKAIT_1_2022,60628.05
LAVENORAKAIT_2_2022,139186.2
LAVELEENKRISZZ_11_2021,469593.5157142857
LAVELEENKRISZZ_12_2021,457052.5757142857
LAVELEENKRISZZ_1_2022,230021.91
LAVELEENKRISZZ_2_2022,200746.21
LAVEHALARLEZZ_11_2021,74911.35
LAVEHALARLEZZ_12_2021,68478.8
LAVEHALARLEZZ_1_2022,173425.6
LAVEHALARLEZZ_2_2022,203005.2
LAVEETTEBRIT_11_2021,632887.9580000001
LAVEETTEBRIT_12_2021,417665.97799999994
LAVEETTEBRIT_1_2022,86256.95
LAVEETTEBRIT_2_2022,86570.98
LARIONIODONO_11_2021,1268367.362952381
LARIONIODONO_12_2021,1734041.4610714286
LARIONIODONO_1_2022,729542.34
LARIONIODONO_2_2022,945564.59
LARINARDJULIZZ_11_2021,451520.43799999997
LARINARDJULIZZ_12_2021,406395.34
LARINARDJULIZZ_1_2022,278868.77
LARINARDJULIZZ_2_2022,695394.11
LARILENEWHIT_11_2021,74627.71
LARILENEWHIT_12_2021,66797.22
LARILENEWHIT_1_2022,54762.78
LARILENEWHIT_2_2022,46172.54
LARIICKILAKEZZ_11_2021,118986.98
LARIICKILAKEZZ_12_2021,174124.57
LARIICKILAKEZZ_1_2022,147968.91
LARIICKILAKEZZ_2_2022,157886.18
LARIETTAMALIZZ_11_2021,20817.15
LARIETTAMALIZZ_12_2021,34350.83
LARIETTAMALIZZ_1_2022,109961.15
LARIETTAMALIZZ_2_2022,98747.24
LAKERENERHEBZZ_11_2021,103018.04800000001
LAKERENERHEBZZ_12_2021,116778.64
LAKERENERHEBZZ_1_2022,46273.84
LAKERENERHEBZZ_2_2022,58824.91
LAKENDISHANGZZ_11_2021,179355.02666666664
LAKENDISHANGZZ_12_2021,168546.31666666665
LAKENDISHANGZZ_1_2022,252662.46
LAKENDISHANGZZ_2_2022,283042.33
LAKENDAYRICK_11_2021,616205.6328095238
LAKENDAYRICK_12_2021,840756.6192380952
LAKENDAYRICK_1_2022,537872.61
LAKENDAYRICK_2_2022,259409.04
LAKEMARXELLY_11_2021,136938.6906666667
LAKEMARXELLY_12_2021,145899.01333333334
LAKEMARXELLY_1_2022,26895.15
LAKEMARXELLY_2_2022,49940.9
LAKEHORAARLEZZ_11_2021,446287.28
LAKEHORAARLEZZ_12_2021,438649.26
LAKEHORAARLEZZ_1_2022,77038.65
LAKEHORAARLEZZ_2_2022,71284.81
LAKEATHAARTIZZ_11_2021,117406.7
LAKEATHAARTIZZ_12_2021,122046.24
LAKEATHAARTIZZ_1_2022,543515.02
LAKEATHAARTIZZ_2_2022,566236.61
KRISRRIEHAL_11_2021,251761.28394444444
KRISRRIEHAL_12_2021,254750.253
KRISRRIEHAL_1_2022,71669.75
KRISRRIEHAL_2_2022,135012.64
KRISARTRHEBZZ_11_2021,481306.69
KRISARTRHEBZZ_12_2021,509285.75
KRISARTRHEBZZ_1_2022,70464.28
KRISARTRHEBZZ_2_2022,74060.43
KEVASHIEMARX_11_2021,443886.47
KEVASHIEMARX_12_2021,457876.0
KEVASHIEMARX_1_2022,348786.03
KEVASHIEMARX_2_2022,374050.25
KEVAROBRIGO_11_2021,621344.8230000001
KEVAROBRIGO_12_2021,603597.0630000001
KEVAROBRIGO_1_2022,100357.91
KEVAROBRIGO_2_2022,145476.93
KEVALIZAARTIZZ_11_2021,60655.9075
KEVALIZAARTIZZ_12_2021,86284.8075
KEVALIZAARTIZZ_1_2022,365510.66
KEVALIZAARTIZZ_2_2022,336001.97
KATHTNEYMICH_11_2021,80209.34
KATHTNEYMICH_12_2021,62654.05
KATHTNEYMICH_1_2022,60476.1
KATHTNEYMICH_2_2022,27330.74
KATHEDESANTOZZ_11_2021,175056.53
KATHEDESANTOZZ_12_2021,166121.87
KATHEDESANTOZZ_1_2022,245186.52
KATHEDESANTOZZ_2_2022,235694.71
KATHABEMERC_11_2021,59554.27
KATHABEMERC_12_2021,55350.32
KATHABEMERC_1_2022,56363.32
KATHABEMERC_2_2022,19510.38
KARRXIMONOLAZZ_11_2021,563025.4
KARRXIMONOLAZZ_12_2021,533921.91
KARRXIMONOLAZZ_1_2022,358865.38
KARRXIMONOLAZZ_2_2022,404703.63
KARRVETARUBY_11_2021,1056911.524
KARRVETARUBY_12_2021,1304369.19
KARRVETARUBY_1_2022,1018763.97
KARRVETARUBY_2_2022,807533.21
KARROLPHLILL_11_2021,137107.43958333333
KARROLPHLILL_12_2021,146555.775
KARROLPHLILL_1_2022,266834.33
KARROLPHLILL_2_2022,368225.5
KARRLENETRANZZ_11_2021,60081.03
KARRLENETRANZZ_12_2021,70160.38
KARRLENETRANZZ_1_2022,138669.57
KARRLENETRANZZ_2_2022,173121.7
KARRKEVAJEANZZ_11_2021,307749.4
KARRKEVAJEANZZ_12_2021,326115.09
KARRKEVAJEANZZ_1_2022,197109.54
KARRKEVAJEANZZ_2_2022,249947.62
KARRAHAMDONA_11_2021,420871.11
KARRAHAMDONA_12_2021,363707.52
KARRAHAMDONA_1_2022,237072.39
KARRAHAMDONA_2_2022,348016.15
KAITVETADUANZZ_11_2021,141092.32833333334
KAITVETADUANZZ_12_2021,135407.71
KAITVETADUANZZ_1_2022,89488.42
KAITVETADUANZZ_2_2022,77838.92
KAITINDAJULI_11_2021,181602.78596103896
KAITINDAJULI_12_2021,169979.37399999998
KAITINDAJULI_1_2022,350498.0
KAITINDAJULI_2_2022,210886.34
JULILIANANHZZ_11_2021,424426.74
JULILIANANHZZ_12_2021,378578.36
JULILIANANHZZ_1_2022,326682.37
JULILIANANHZZ_2_2022,609917.17
JULIINDIGILDZZ_11_2021,50214.41
JULIINDIGILDZZ_12_2021,39041.02
JULIINDIGILDZZ_1_2022,371375.93
JULIINDIGILDZZ_2_2022,483352.95
JULIETTEAURE_11_2021,963585.86
JULIETTEAURE_12_2021,872000.53
JULIETTEAURE_1_2022,244943.4
JULIETTEAURE_2_2022,302076.6
JULIERINKARRZZ_11_2021,466103.586
JULIERINKARRZZ_12_2021,462778.92
JULIERINKARRZZ_1_2022,558233.91
JULIERINKARRZZ_2_2022,543119.95
JENEMBERYOSHZZ_11_2021,230366.33
JENEMBERYOSHZZ_12_2021,252743.5
JENEMBERYOSHZZ_1_2022,316359.9
JENEMBERYOSHZZ_2_2022,199945.94
JEANVETARICKZZ_11_2021,1178032.895
JEANVETARICKZZ_12_2021,1206543.78
JEANVETARICKZZ_1_2022,168542.94
JEANVETARICKZZ_2_2022,186624.99
JEANOVANMICHZZ_11_2021,517045.33
JEANOVANMICHZZ_12_2021,511483.96
JEANOVANMICHZZ_1_2022,157501.24
JEANOVANMICHZZ_2_2022,215029.51
JEANERTOHALZZ_11_2021,308049.92333333334
JEANERTOHALZZ_12_2021,311801.4
JEANERTOHALZZ_1_2022,408249.13
JEANERTOHALZZ_2_2022,1021954.92
JEANAHAMJAYEZZ_11_2021,102221.83
JEANAHAMJAYEZZ_12_2021,99456.34
JEANAHAMJAYEZZ_1_2022,39405.7
JEANAHAMJAYEZZ_2_2022,34148.23
JAYESAACRUTH_11_2021,62392.73217857142
JAYESAACRUTH_12_2021,80865.80017857143
JAYESAACRUTH_1_2022,156650.32
JAYESAACRUTH_2_2022,216994.73
JAYEMONDROSE_11_2021,911125.7737142858
JAYEMONDROSE_12_2021,1003001.0146666667
JAYEMONDROSE_1_2022,705615.28
JAYEMONDROSE_2_2022,445760.52
JAYEMARXAUREZZ_11_2021,57457.36
JAYEMARXAUREZZ_12_2021,72307.94
JAYEMARXAUREZZ_1_2022,237609.28
JAYEMARXAUREZZ_2_2022,340124.88
JAYEHALARLEZZ_11_2021,192133.68399999998
JAYEHALARLEZZ_12_2021,173747.734
JAYEHALARLEZZ_1_2022,209437.75
JAYEHALARLEZZ_2_2022,406800.54
ISAARICKRHEB_11_2021,1083158.3539999998
ISAARICKRHEB_12_2021,1021134.39
ISAARICKRHEB_1_2022,242562.85
ISAARICKRHEB_2_2022,171166.61
ISAAMULAMALIZZ_11_2021,584083.1375
ISAAMULAMALIZZ_12_2021,531680.6475
ISAAMULAMALIZZ_1_2022,195448.22
ISAAMULAMALIZZ_2_2022,363859.47
ISAALIANONEIZZ_11_2021,53283.8
ISAALIANONEIZZ_12_2021,76511.89
ISAALIANONEIZZ_1_2022,121134.54
ISAALIANONEIZZ_2_2022,112341.7
ISAALEENREVA_11_2021,989376.84
ISAALEENREVA_12_2021,1115499.392
ISAALEENREVA_1_2022,80239.73
ISAALEENREVA_2_2022,82427.81
ISAAANNAJULIZZ_11_2021,62081.705
ISAAANNAJULIZZ_12_2021,75438.11
ISAAANNAJULIZZ_1_2022,402393.99
ISAAANNAJULIZZ_2_2022,307455.63
ILSERISAELIZ_11_2021,1077109.3933333333
ILSERISAELIZ_12_2021,1139039.1483333334
ILSERISAELIZ_1_2022,462738.4
ILSERISAELIZ_2_2022,728630.64
ILSELINAABEZZ_11_2021,114509.52
ILSELINAABEZZ_12_2021,110872.85
ILSELINAABEZZ_1_2022,106537.21
ILSELINAABEZZ_2_2022,171419.86
ILSEILDAKEVAZZ_11_2021,160276.86
ILSEILDAKEVAZZ_12_2021,209356.71
ILSEILDAKEVAZZ_1_2022,79530.63
ILSEILDAKEVAZZ_2_2022,104328.87
ILEEOVANNOLAZZ_11_2021,49690.1825
ILEEOVANNOLAZZ_12_2021,61853.78
ILEEOVANNOLAZZ_1_2022,100550.38
ILEEOVANNOLAZZ_2_2022,67161.9
ILEELENESUND_11_2021,94377.83333333331
ILEELENESUND_12_2021,125693.04
ILEELENESUND_1_2022,112280.92
ILEELENESUND_2_2022,128762.43
ILEEHANGRUDOZZ_11_2021,53719.39
ILEEHANGRUDOZZ_12_2021,49454.66
ILEEHANGRUDOZZ_1_2022,159952.7
ILEEHANGRUDOZZ_2_2022,148819.83
ILEEALLYMALIZZ_11_2021,480643.6815
ILEEALLYMALIZZ_12_2021,430484.48
ILEEALLYMALIZZ_1_2022,71862.22
ILEEALLYMALIZZ_2_2022,64953.56
HOWAUREAJULIZZ_11_2021,579983.02
HOWAUREAJULIZZ_12_2021,567452.21
HOWAUREAJULIZZ_1_2022,108877.24
HOWAUREAJULIZZ_2_2022,155860.18
HOWARUBYJAYEZZ_11_2021,28809.72
HOWARUBYJAYEZZ_12_2021,52564.57
HOWARUBYJAYEZZ_1_2022,150643.23
HOWARUBYJAYEZZ_2_2022,143319.24
HOWAREYASHLZZ_11_2021,317160.17
HOWAREYASHLZZ_12_2021,351713.6
HOWAREYASHLZZ_1_2022,228917.74
HOWAREYASHLZZ_2_2022,118206.97
HOWAESHADORE_11_2021,478821.4633333334
HOWAESHADORE_12_2021,749248.5666666668
HOWAESHADORE_1_2022,130717.52
HOWAESHADORE_2_2022,73067.69
HOWAALLYLAZAZZ_11_2021,134840.43
HOWAALLYLAZAZZ_12_2021,156457.85
HOWAALLYLAZAZZ_1_2022,120435.57
HOWAALLYLAZAZZ_2_2022,227803.44
HOWAALLYDONAZZ_11_2021,713988.738
HOWAALLYDONAZZ_12_2021,703720.97
HOWAALLYDONAZZ_1_2022,151230.77
HOWAALLYDONAZZ_2_2022,171328.69
HARLZAROSUNDZZ_11_2021,236176.89800000002
HARLZAROSUNDZZ_12_2021,232985.948
HARLZAROSUNDZZ_1_2022,511058.5
HARLZAROSUNDZZ_2_2022,642393.95
HARLTTNYSIGR_11_2021,1362649.6125
HARLTTNYSIGR_12_2021,1572490.03
HARLTTNYSIGR_1_2022,352068.15
HARLTTNYSIGR_2_2022,666472.96
HARLKEVAMICHZZ_11_2021,290599.31
HARLKEVAMICHZZ_12_2021,304001.3
HARLKEVAMICHZZ_1_2022,332395.69
HARLKEVAMICHZZ_2_2022,639253.65
HARLETTEANTO_11_2021,1261676.0638095238
HARLETTEANTO_12_2021,1617517.88
HARLETTEANTO_1_2022,617028.43
HARLETTEANTO_2_2022,720779.89
HALRRONARLE_11_2021,2057892.279
HALRRONARLE_12_2021,1990995.785
HALRRONARLE_1_2022,310484.5
HALRRONARLE_2_2022,218271.11
HALGRIDKEVA_11_2021,295127.85414285713
HALGRIDKEVA_12_2021,346218.41266666667
HALGRIDKEVA_1_2022,412442.95
HALGRIDKEVA_2_2022,263825.72
HALEENAKAIT_11_2021,1117742.5116666667
HALEENAKAIT_12_2021,1552270.55
HALEENAKAIT_1_2022,354904.55
HALEENAKAIT_2_2022,134374.45
HALARLACATHZZ_11_2021,119881.459
HALARLACATHZZ_12_2021,113911.85
HALARLACATHZZ_1_2022,120091.15
HALARLACATHZZ_2_2022,228269.42
HALANNACOREZZ_11_2021,284511.18
HALANNACOREZZ_12_2021,283204.41
HALANNACOREZZ_1_2022,326003.66
HALANNACOREZZ_2_2022,377605.88
GRAHZAROONEIZZ_11_2021,195883.81
GRAHZAROONEIZZ_12_2021,170538.55
GRAHZAROONEIZZ_1_2022,445041.29
GRAHZAROONEIZZ_2_2022,763761.48
GRAHLONARUTH_11_2021,121823.38
GRAHLONARUTH_12_2021,99203.09
GRAHLONARUTH_1_2022,86854.62
GRAHLONARUTH_2_2022,55785.91
GILDUANEHAL_11_2021,577317.1416666667
GILDUANEHAL_12_2021,528941.3266666667
GILDUANEHAL_1_2022,106729.68
GILDUANEHAL_2_2022,137423.58
GILDTNEYVICTZZ_11_2021,89488.42
GILDTNEYVICTZZ_12_2021,207563.7
GILDTNEYVICTZZ_1_2022,205790.95
GILDTNEYVICTZZ_2_2022,197909.81
GILDOLPHKAIT_11_2021,1577245.3896666667
GILDOLPHKAIT_12_2021,1544512.3206666666
GILDOLPHKAIT_1_2022,610281.85
GILDOLPHKAIT_2_2022,548033.0
GILDMONDLILLZZ_11_2021,105007.58
GILDMONDLILLZZ_12_2021,111683.25
GILDMONDLILLZZ_1_2022,308853.57
GILDMONDLILLZZ_2_2022,208141.11
GILDESHAPENN_11_2021,85659.28
GILDESHAPENN_12_2021,119088.28
GILDESHAPENN_1_2022,154958.61
GILDESHAPENN_2_2022,143511.71
GILDANHLYNE_11_2021,130180.63
GILDANHLYNE_12_2021,137524.88
GILDANHLYNE_1_2022,96954.23
GILDANHLYNE_2_2022,123038.98
GILDAHAMISAAZZ_11_2021,45301.36
GILDAHAMISAAZZ_12_2021,85942.92
GILDAHAMISAAZZ_1_2022,480597.59
GILDAHAMISAAZZ_2_2022,444474.01
ETHATLYNMAYNZZ_11_2021,534316.98
ETHATLYNMAYNZZ_12_2021,516376.75
ETHATLYNMAYNZZ_1_2022,177072.4
ETHATLYNMAYNZZ_2_2022,286081.33
ETHAMULABRITZZ_11_2021,24453.82
ETHAMULABRITZZ_12_2021,32436.26
ETHAMULABRITZZ_1_2022,421671.38
ETHAMULABRITZZ_2_2022,487263.13
ETHAKEVASHER_11_2021,734340.5833333335
ETHAKEVASHER_12_2021,1095878.595
ETHAKEVASHER_1_2022,71102.47
ETHAKEVASHER_2_2022,40793.51
ETHAICKIISAAZZ_11_2021,47660.20285714285
ETHAICKIISAAZZ_12_2021,79945.96
ETHAICKIISAAZZ_1_2022,108715.16
ETHAICKIISAAZZ_2_2022,87452.29
ETHAICKIDONOZZ_11_2021,41124.42333333333
ETHAICKIDONOZZ_12_2021,65264.21333333334
ETHAICKIDONOZZ_1_2022,133898.34
ETHAICKIDONOZZ_2_2022,128580.09
ETHAHALMARXZZ_11_2021,800128.18
ETHAHALMARXZZ_12_2021,762940.95
ETHAHALMARXZZ_1_2022,519527.18
ETHAHALMARXZZ_2_2022,1268448.21
ETHAEENAARTIZZ_11_2021,386793.79
ETHAEENAARTIZZ_12_2021,543008.52
ETHAEENAARTIZZ_1_2022,110953.89
ETHAEENAARTIZZ_2_2022,131517.79
ERICXIMOALBEZZ_11_2021,174499.38
ERICXIMOALBEZZ_12_2021,151301.68
ERICXIMOALBEZZ_1_2022,324838.71
ERICXIMOALBEZZ_2_2022,340155.27
ERICRICKPAMU_11_2021,1286498.3505
ERICRICKPAMU_12_2021,1219460.543
ERICRICKPAMU_1_2022,398017.83
ERICRICKPAMU_2_2022,721590.29
ERICJENEERICZZ_11_2021,104217.44
ERICJENEERICZZ_12_2021,98600.355
ERICJENEERICZZ_1_2022,87310.47
ERICJENEERICZZ_2_2022,129137.24
ERICILSEWALL_11_2021,1221520.4543809523
ERICILSEWALL_12_2021,1145784.7153333332
ERICILSEWALL_1_2022,355097.02
ERICILSEWALL_2_2022,569812.5
ERICERTOGRAHZZ_11_2021,256866.41
ERICERTOGRAHZZ_12_2021,273266.88
ERICERTOGRAHZZ_1_2022,212182.98
ERICERTOGRAHZZ_2_2022,331676.46
ERICAHAMJULI_11_2021,144524.71
ERICAHAMJULI_12_2021,202194.8
ERICAHAMJULI_1_2022,306594.58
ERICAHAMJULI_2_2022,344865.72
ERICABERUDOZZ_11_2021,120297.802
ERICABERUDOZZ_12_2021,147735.92
ERICABERUDOZZ_1_2022,730920.02
ERICABERUDOZZ_2_2022,756093.07
ELROOVANRIGOZZ_11_2021,124102.63
ELROOVANRIGOZZ_12_2021,136187.72
ELROOVANRIGOZZ_1_2022,510440.57
ELROOVANRIGOZZ_2_2022,654610.73
ELROLEENHALZZ_11_2021,97925.69699999999
ELROLEENHALZZ_12_2021,97444.522
ELROLEENHALZZ_1_2022,611446.8
ELROLEENHALZZ_2_2022,1072463.1
ELLYILSEJULIZZ_11_2021,76704.36
ELLYILSEJULIZZ_12_2021,84149.91
ELLYILSEJULIZZ_1_2022,210936.99
ELLYILSEJULIZZ_2_2022,223660.27
ELLYGRIDMICH_11_2021,880351.702
ELLYGRIDMICH_12_2021,915868.495
ELLYGRIDMICH_1_2022,1281809.68
ELLYGRIDMICH_2_2022,684159.94
ELLYEDESGILDZZ_11_2021,98804.64333333334
ELLYEDESGILDZZ_12_2021,106351.49333333335
ELLYEDESGILDZZ_1_2022,89883.49
ELLYEDESGILDZZ_2_2022,84767.84
ELIZKEVACARL_11_2021,1244491.4232738095
ELIZKEVACARL_12_2021,1480407.7270238094
ELIZKEVACARL_1_2022,295583.27
ELIZKEVACARL_2_2022,426888.33
ELIZJAYETHOR_11_2021,236164.83847619046
ELIZJAYETHOR_12_2021,322241.378
ELIZJAYETHOR_1_2022,43356.4
ELIZJAYETHOR_2_2022,70899.87
ELIZHLIEAURE_11_2021,51091.668000000005
ELIZHLIEAURE_12_2021,109310.46633333334
ELIZHLIEAURE_1_2022,51987.16
ELIZHLIEAURE_2_2022,42778.99
DUANIBALREENZZ_11_2021,96508.51
DUANIBALREENZZ_12_2021,108097.23
DUANIBALREENZZ_1_2022,508333.53
DUANIBALREENZZ_2_2022,639709.5
DUANCHELBRITZZ_11_2021,141272.98
DUANCHELBRITZZ_12_2021,151646.1
DUANCHELBRITZZ_1_2022,352128.93
DUANCHELBRITZZ_2_2022,295279.37
DORESHIAILEEZZ_11_2021,270410.22
DORESHIAILEEZZ_12_2021,265010.93
DORESHIAILEEZZ_1_2022,97015.01
DORESHIAILEEZZ_2_2022,101522.86
DORESAACARMAZZ_11_2021,142436.24166666667
DORESAACARMAZZ_12_2021,128215.41
DORESAACARMAZZ_1_2022,119169.32
DORESAACARMAZZ_2_2022,135620.44
DORERYNEBRITZZ_11_2021,239861.51666666663
DORERYNEBRITZZ_12_2021,278757.34
DORERYNEBRITZZ_1_2022,485936.1
DORERYNEBRITZZ_2_2022,486685.72
DONOUDIEHANGZZ_11_2021,259059.555
DONOUDIEHANGZZ_12_2021,249218.26
DONOUDIEHANGZZ_1_2022,334512.86
DONOUDIEHANGZZ_2_2022,350528.39
DONOOLPHJULIZZ_11_2021,101745.72
DONOOLPHJULIZZ_12_2021,115897.33
DONOOLPHJULIZZ_1_2022,314262.99
DONOOLPHJULIZZ_2_2022,358125.89
DONONALDTERRZZ_11_2021,262620.25
DONONALDTERRZZ_12_2021,239442.81
DONONALDTERRZZ_1_2022,68438.28
DONONALDTERRZZ_2_2022,74637.84
DONOLIAMMAXI_11_2021,759438.9527222221
DONOLIAMMAXI_12_2021,914589.5825
DONOLIAMMAXI_1_2022,4416.68
DONOLIAMMAXI_2_2022,7283.47
DONOHANGREVAZZ_11_2021,120334.27
DONOHANGREVAZZ_12_2021,78720.23
DONOHANGREVAZZ_1_2022,325466.77
DONOHANGREVAZZ_2_2022,266145.49
DONOANHANH_11_2021,120141.8
DONOANHANH_12_2021,137768.0
DONOANHANH_1_2022,130859.34
DONOANHANH_2_2022,199044.37
DONASAACHOWAZZ_11_2021,926209.5366666666
DONASAACHOWAZZ_12_2021,890420.2466666666
DONASAACHOWAZZ_1_2022,218848.52
DONASAACHOWAZZ_2_2022,219709.57
DONARUBYLARIZZ_11_2021,66351.5
DONARUBYLARIZZ_12_2021,81191.95
DONARUBYLARIZZ_1_2022,158889.05
DONARUBYLARIZZ_2_2022,207989.16
DONARANGAURE_11_2021,953861.06
DONARANGAURE_12_2021,1157818.48
DONARANGAURE_1_2022,549856.4
DONARANGAURE_2_2022,336285.61
DONAMARXJAYE_11_2021,54418.36
DONAMARXJAYE_12_2021,74992.39
DONAMARXJAYE_1_2022,17535.03
DONAMARXJAYE_2_2022,46506.83
DONAAHAMRHEBZZ_11_2021,220570.62
DONAAHAMRHEBZZ_12_2021,235613.67
DONAAHAMRHEBZZ_1_2022,142164.42
DONAAHAMRHEBZZ_2_2022,198568.26
DESMSHIAASHLZZ_11_2021,1791551.28
DESMSHIAASHLZZ_12_2021,1576410.34
DESMSHIAASHLZZ_1_2022,564311.91
DESMSHIAASHLZZ_2_2022,592908.9
DESMHORASUDIZZ_11_2021,216660.44
DESMHORASUDIZZ_12_2021,207675.13
DESMHORASUDIZZ_1_2022,69593.1
DESMHORASUDIZZ_2_2022,121357.4
DESMHEBAJAYEZZ_11_2021,324448.705
DESMHEBAJAYEZZ_12_2021,312692.84
DESMHEBAJAYEZZ_1_2022,231105.82
DESMHEBAJAYEZZ_2_2022,178753.98
CORELANDGILD_11_2021,58500.75
CORELANDGILD_12_2021,100935.32
CORELANDGILD_1_2022,198183.32
CORELANDGILD_2_2022,129572.83
COLLILSELARI_11_2021,766358.4582539682
COLLILSELARI_12_2021,796846.06
COLLILSELARI_1_2022,67192.29
COLLILSELARI_2_2022,99679.2
COLLHLIEYOSHZZ_11_2021,142112.08166666667
COLLHLIEYOSHZZ_12_2021,149285.81
COLLHLIEYOSHZZ_1_2022,127313.84
COLLHLIEYOSHZZ_2_2022,135174.72
CINDUANESUDIZZ_11_2021,259618.73100000003
CINDUANESUDIZZ_12_2021,293927.015
CINDUANESUDIZZ_1_2022,844274.72
CINDUANESUDIZZ_2_2022,861698.32
CINDTNEYKRIS_11_2021,422866.72
CINDTNEYKRIS_12_2021,416282.22
CINDTNEYKRIS_1_2022,570926.8
CINDTNEYKRIS_2_2022,581380.96
CINDLINARIGO_11_2021,806327.74
CINDLINARIGO_12_2021,1231569.945
CINDLINARIGO_1_2022,493857.76
CINDLINARIGO_2_2022,506277.14
CINDLEENMICH_11_2021,531373.262297619
CINDLEENMICH_12_2021,495284.82375
CINDLEENMICH_1_2022,354965.33
CINDLEENMICH_2_2022,353577.52
CINDIBALDONOZZ_11_2021,3786847.25
CINDIBALDONOZZ_12_2021,3741241.99
CINDIBALDONOZZ_1_2022,19601.55
CINDIBALDONOZZ_2_2022,28110.75
CATHROBARTZZ_11_2021,252469.99
CATHROBARTZZ_12_2021,237680.19
CATHROBARTZZ_1_2022,161006.22
CATHROBARTZZ_2_2022,133098.07
CATHHALREYZZ_11_2021,206781.664
CATHHALREYZZ_12_2021,201379.335
CATHHALREYZZ_1_2022,118105.67
CATHHALREYZZ_2_2022,147158.51
CARLUTHEGILD_11_2021,128458.53
CARLUTHEGILD_12_2021,154087.43
CARLUTHEGILD_1_2022,274897.81
CARLUTHEGILD_2_2022,189167.62
CARLUANEMITCZZ_11_2021,168765.8
CARLUANEMITCZZ_12_2021,325152.74
CARLUANEMITCZZ_1_2022,40013.5
CARLUANEMITCZZ_2_2022,57852.43
CARLTINEHAL_11_2021,1588669.666
CARLTINEHAL_12_2021,1720722.32
CARLTINEHAL_1_2022,692719.79
CARLTINEHAL_2_2022,484538.16
CARLRICKLAKEZZ_11_2021,105422.91
CARLRICKLAKEZZ_12_2021,124345.75
CARLRICKLAKEZZ_1_2022,587286.75
CARLRICKLAKEZZ_2_2022,591662.91
CARLLEENGRAH_11_2021,539162.5931428571
CARLLEENGRAH_12_2021,540990.624
CARLLEENGRAH_1_2022,283883.12
CARLLEENGRAH_2_2022,559510.29
CARLERINCINDZZ_11_2021,75124.08
CARLERINCINDZZ_12_2021,141576.88
CARLERINCINDZZ_1_2022,18811.41
CARLERINCINDZZ_2_2022,7475.94
CANDETTEMAXIZZ_11_2021,39071.41
CANDETTEMAXIZZ_12_2021,60942.08
CANDETTEMAXIZZ_1_2022,113435.74
CANDETTEMAXIZZ_2_2022,250687.11
CANDENNEARTIZZ_11_2021,293739.61
CANDENNEARTIZZ_12_2021,278625.65
CANDENNEARTIZZ_1_2022,637430.25
CANDENNEARTIZZ_2_2022,673351.23
BRITTINERUTH_11_2021,559236.9247142858
BRITTINERUTH_12_2021,486841.86671428574
BRITTINERUTH_1_2022,13594.46
BRITTINERUTH_2_2022,7982.44
BRITRYNERUBYZZ_11_2021,473040.61
BRITRYNERUBYZZ_12_2021,463822.31
BRITRYNERUBYZZ_1_2022,223498.19
BRITRYNERUBYZZ_2_2022,216680.7
BRITNARDONEI_11_2021,108890.76521978021
BRITNARDONEI_12_2021,121276.36
BRITNARDONEI_1_2022,51237.54
BRITNARDONEI_2_2022,60962.34
BRITLINAILSEZZ_11_2021,318183.3
BRITLINAILSEZZ_12_2021,310494.63
BRITLINAILSEZZ_1_2022,117771.38
BRITLINAILSEZZ_2_2022,267188.88
BRITERINDESM_11_2021,2175788.547428571
BRITERINDESM_12_2021,2250913.495714286
BRITERINDESM_1_2022,453195.94
BRITERINDESM_2_2022,232746.88
BRITEIDALAKE_11_2021,583646.7033333333
BRITEIDALAKE_12_2021,818544.52
BRITEIDALAKE_1_2022,113739.64
BRITEIDALAKE_2_2022,118308.27
BRITABEREEN_11_2021,388439.57733333344
BRITABEREEN_12_2021,258558.12
BRITABEREEN_1_2022,106547.34
BRITABEREEN_2_2022,34421.74
AURESAACDONOZZ_11_2021,463994.52
AURESAACDONOZZ_12_2021,469191.21
AURESAACDONOZZ_1_2022,124376.14
AURESAACDONOZZ_2_2022,132956.25
AUREOLPHNOVEZZ_11_2021,51663.0
AUREOLPHNOVEZZ_12_2021,68387.63
AUREOLPHNOVEZZ_1_2022,80391.68
AUREOLPHNOVEZZ_2_2022,81465.46
AURENOLASAMA_11_2021,131345.58
AURENOLASAMA_12_2021,148596.97
AURENOLASAMA_1_2022,136461.23
AURENOLASAMA_2_2022,161411.42
AUREJENELAKEZZ_11_2021,289443.8146666667
AUREJENELAKEZZ_12_2021,284744.17
AUREJENELAKEZZ_1_2022,986743.04
AUREJENELAKEZZ_2_2022,1093219.47
ASHLTLEYNOLAZZ_11_2021,158291.38
ASHLTLEYNOLAZZ_12_2021,271524.52
ASHLTLEYNOLAZZ_1_2022,426179.23
ASHLTLEYNOLAZZ_2_2022,475279.34
ASHLNALDJULI_11_2021,160671.93
ASHLNALDJULI_12_2021,161836.88
ASHLNALDJULI_1_2022,146672.27
ASHLNALDJULI_2_2022,122238.71
ASHLESHALAZA_11_2021,3023543.8871904765
ASHLESHALAZA_12_2021,2928353.7243333333
ASHLESHALAZA_1_2022,1793465.85
ASHLESHALAZA_2_2022,1572500.16
ASHLALLYTRANZZ_11_2021,60354.54
ASHLALLYTRANZZ_12_2021,92578.07
ASHLALLYTRANZZ_1_2022,112908.98
ASHLALLYTRANZZ_2_2022,127212.54
ARVIUREAILEE_11_2021,940685.4513809523
ARVIUREAILEE_12_2021,691868.87
ARVIUREAILEE_1_2022,413496.47
ARVIUREAILEE_2_2022,411875.67
ARVICHELPENNZZ_11_2021,672783.95
ARVICHELPENNZZ_12_2021,613888.13
ARVICHELPENNZZ_1_2022,120769.86
ARVICHELPENNZZ_2_2022,123231.45
ARTRENEWHIT_11_2021,61641.05
ARTRENEWHIT_12_2021,48948.16
ARTRENEWHIT_1_2022,41381.05
ARTRENEWHIT_2_2022,32294.44
ARTISAACMICH_11_2021,197008.61384523805
ARTISAACMICH_12_2021,449877.1590476191
ARTISAACMICH_1_2022,573509.95
ARTISAACMICH_2_2022,458777.57
ARTIRANGELRO_11_2021,1544697.2414047616
ARTIRANGELRO_12_2021,1522422.9391428572
ARTIRANGELRO_1_2022,607769.61
ARTIRANGELRO_2_2022,379084.86
ARTILANDARTI_11_2021,2295677.4833333334
ARTILANDARTI_12_2021,4245510.013333333
ARTILANDARTI_1_2022,175299.65
ARTILANDARTI_2_2022,77474.24
ARTIERINILSE_11_2021,91098.00464285715
ARTIERINILSE_12_2021,100464.275
ARTIERINILSE_1_2022,9542.46
ARTIERINILSE_2_2022,6493.33
ARTETTAREEN_11_2021,135640.7
ARTETTAREEN_12_2021,134364.32
ARTETTAREEN_1_2022,42951.2
ARTETTAREEN_2_2022,102799.24
ARTALLYMITCZZ_11_2021,951348.82
ARTALLYMITCZZ_12_2021,1008097.08
ARTALLYMITCZZ_1_2022,284926.51
ARTALLYMITCZZ_2_2022,204808.34
ARMASAACASHLZZ_11_2021,1437242.9528571428
ARMASAACASHLZZ_12_2021,1370295.23
ARMASAACASHLZZ_1_2022,494009.71
ARMASAACASHLZZ_2_2022,860168.69
ARMAICKIAUREZZ_11_2021,29042.71
ARMAICKIAUREZZ_12_2021,51055.2
ARMAICKIAUREZZ_1_2022,73938.87
ARMAICKIAUREZZ_2_2022,66280.59
ARLEZARORHEBZZ_11_2021,37936.85
ARLEZARORHEBZZ_12_2021,42616.91
ARLEZARORHEBZZ_1_2022,193067.67
ARLEZARORHEBZZ_2_2022,185642.38
ARLERTHAJAYEZZ_11_2021,35748.77
ARLERTHAJAYEZZ_12_2021,46567.61
ARLERTHAJAYEZZ_1_2022,101310.13
ARLERTHAJAYEZZ_2_2022,135144.33
ARLEOVANROBZZ_11_2021,111744.03
ARLEOVANROBZZ_12_2021,108583.47
ARLEOVANROBZZ_1_2022,202711.43
ARLEOVANROBZZ_2_2022,220803.61
ARLEOLPHWHITZZ_11_2021,223970.9233333333
ARLEOLPHWHITZZ_12_2021,213894.95
ARLEOLPHWHITZZ_1_2022,547992.48
ARLEOLPHWHITZZ_2_2022,507117.93
ARLENARDLAKE_11_2021,838034.64
ARLENARDLAKE_12_2021,1067519.66
ARLENARDLAKE_1_2022,73077.82
ARLENARDLAKE_2_2022,27381.39
ARLEMONDROSEZZ_11_2021,101755.85
ARLEMONDROSEZZ_12_2021,264788.07
ARLEMONDROSEZZ_1_2022,265861.85
ARLEMONDROSEZZ_2_2022,295856.78
ARLEETTAAURE_11_2021,1673992.6661785715
ARLEETTAAURE_12_2021,1885526.02375
ARLEETTAAURE_1_2022,632780.58
ARLEETTAAURE_2_2022,536160.64
ARLEENNYARTI_11_2021,52632.10333333334
ARLEENNYARTI_12_2021,54043.55
ARLEENNYARTI_1_2022,58338.67
ARLEENNYARTI_2_2022,55167.98
ARLEARTWHITZZ_11_2021,40769.87333333334
ARLEARTWHITZZ_12_2021,51511.05
ARLEARTWHITZZ_1_2022,232706.36
ARLEARTWHITZZ_2_2022,658855.2
ARLEAHAMALONZZ_11_2021,389741.62
ARLEAHAMALONZZ_12_2021,374131.29
ARLEAHAMALONZZ_1_2022,79571.15
ARLEAHAMALONZZ_2_2022,104865.76
ANTOROBLEAT_11_2021,307486.02
ANTOROBLEAT_12_2021,267310.44
ANTOROBLEAT_1_2022,231531.28
ANTOROBLEAT_2_2022,182907.28
ANTOREYTHOR_11_2021,110791.81
ANTOREYTHOR_12_2021,103827.435
ANTOREYTHOR_1_2022,46081.37
ANTOREYTHOR_2_2022,18932.97
ANTONOLAISAAZZ_11_2021,99466.47
ANTONOLAISAAZZ_12_2021,87928.4
ANTONOLAISAAZZ_1_2022,183211.18
ANTONOLAISAAZZ_2_2022,178237.35
ANIBREYCIND_11_2021,131578.57
ANIBREYCIND_12_2021,80624.67
ANIBREYCIND_1_2022,57366.19
ANIBREYCIND_2_2022,66918.78
ANIBOLPHREVAZZ_11_2021,42120.54
ANIBOLPHREVAZZ_12_2021,68721.92
ANIBOLPHREVAZZ_1_2022,93196.0
ANIBOLPHREVAZZ_2_2022,94472.38
ANIBNDISJAYEZZ_11_2021,91139.61
ANIBNDISJAYEZZ_12_2021,88860.36
ANIBNDISJAYEZZ_1_2022,47570.48
ANIBNDISJAYEZZ_2_2022,38544.65
ANIBMBERJULI_11_2021,120217.05142857143
ANIBMBERJULI_12_2021,157015.0
ANIBMBERJULI_1_2022,71568.45
ANIBMBERJULI_2_2022,68721.92
ANIBLIAMMAXIZZ_11_2021,348097.19
ANIBLIAMMAXIZZ_12_2021,272922.46
ANIBLIAMMAXIZZ_1_2022,161350.64
ANIBLIAMMAXIZZ_2_2022,237730.84
ANIBJAYEGILDZZ_11_2021,168958.27
ANIBJAYEGILDZZ_12_2021,161320.25
ANIBJAYEGILDZZ_1_2022,124122.89
ANIBJAYEGILDZZ_2_2022,145264.2
ANIBHLIEKRISZZ_11_2021,426622.4175
ANIBHLIEKRISZZ_12_2021,459983.04
ANIBHLIEKRISZZ_1_2022,112908.98
ANIBHLIEKRISZZ_2_2022,150136.73
ANIBETHAJULIZZ_11_2021,210268.41
ANIBETHAJULIZZ_12_2021,230427.11
ANIBETHAJULIZZ_1_2022,310889.7
ANIBETHAJULIZZ_2_2022,360658.39
ANIBAHAMKARR_11_2021,286709.39
ANIBAHAMKARR_12_2021,278544.61
ANIBAHAMKARR_1_2022,96295.78
ANIBAHAMKARR_2_2022,154989.0
ANHMARXREENZZ_11_2021,332517.25
ANHMARXREENZZ_12_2021,322670.89
ANHMARXREENZZ_1_2022,478612.11
ANHMARXREENZZ_2_2022,1197487.56
ANHEENARUDOZZ_11_2021,31382.74
ANHEENARUDOZZ_12_2021,47560.35
ANHEENARUDOZZ_1_2022,306270.42
ANHEENARUDOZZ_2_2022,293304.02
ANHANHILSEZZ_11_2021,987664.87
ANHANHILSEZZ_12_2021,929863.09
ANHANHILSEZZ_1_2022,18092.18
ANHANHILSEZZ_2_2022,26996.45
AMBENORACIND_11_2021,485143.4275
AMBENORACIND_12_2021,506444.285
AMBENORACIND_1_2022,54296.8
AMBENORACIND_2_2022,39192.97
AMBEIBALCOLLZZ_11_2021,142154.29
AMBEIBALCOLLZZ_12_2021,124203.93
AMBEIBALCOLLZZ_1_2022,251386.08
AMBEIBALCOLLZZ_2_2022,141202.07
AMBEELIABRITZZ_11_2021,56262.02
AMBEELIABRITZZ_12_2021,74820.18
AMBEELIABRITZZ_1_2022,38078.67
AMBEELIABRITZZ_2_2022,14921.49
ALONSHIADUANZZ_11_2021,849775.31
ALONSHIADUANZZ_12_2021,885493.69
ALONSHIADUANZZ_1_2022,324737.41
ALONSHIADUANZZ_2_2022,385466.76
ALONRTIEARLEZZ_11_2021,35860.2
ALONRTIEARLEZZ_12_2021,37420.22
ALONRTIEARLEZZ_1_2022,79378.68
ALONRTIEARLEZZ_2_2022,96275.52
ALONLEENLUANZZ_11_2021,390359.55
ALONLEENLUANZZ_12_2021,341158.14
ALONLEENLUANZZ_1_2022,197099.41
ALONLEENLUANZZ_2_2022,237183.82
ALONETTELAVEZZ_11_2021,86679.9980952381
ALONETTELAVEZZ_12_2021,91349.9280952381
ALONETTELAVEZZ_1_2022,153408.72
ALONETTELAVEZZ_2_2022,201343.88
ALONETTASHERZZ_11_2021,564269.7016666667
ALONETTASHERZZ_12_2021,553827.36
ALONETTASHERZZ_1_2022,176555.77
ALONETTASHERZZ_2_2022,226891.74
ALONANDALAKE_11_2021,3256655.2060000002
ALONANDALAKE_12_2021,2880080.56
ALONANDALAKE_1_2022,1103754.67
ALONANDALAKE_2_2022,1752479.87
ALONALLYKATH_11_2021,1956759.038095238
ALONALLYKATH_12_2021,2068510.545
ALONALLYKATH_1_2022,1146898.34
ALONALLYKATH_2_2022,1153918.43
ALBERRONMAYN_11_2021,187465.78
ALBERRONMAYN_12_2021,198264.36
ALBERRONMAYN_1_2022,59544.14
ALBERRONMAYN_2_2022,54398.1
ALBERRONLYNEZZ_11_2021,69947.65
ALBERRONLYNEZZ_12_2021,74404.85
ALBERRONLYNEZZ_1_2022,175897.32
ALBERRONLYNEZZ_2_2022,140786.74
ALBELINAJULI_11_2021,1045596.314
ALBELINAJULI_12_2021,1237744.18
ALBELINAJULI_1_2022,471703.45
ALBELINAJULI_2_2022,529728.09
ALBEATHAPENNZZ_11_2021,495004.476
ALBEATHAPENNZZ_12_2021,544629.32
ALBEATHAPENNZZ_1_2022,233911.83
ALBEATHAPENNZZ_2_2022,247820.32
ABEWARDREYZZ_11_2021,135924.34
ABEWARDREYZZ_12_2021,164511.2
ABEWARDREYZZ_1_2022,250048.92
ABEWARDREYZZ_2_2022,309491.76
ABERTHAKEVAZZ_11_2021,510192.385
ABERTHAKEVAZZ_12_2021,498628.99
ABERTHAKEVAZZ_1_2022,113871.33
ABERTHAKEVAZZ_2_2022,138679.7
ABEETTEABE_11_2021,1072514.6182857144
ABEETTEABE_12_2021,1447023.4678571427
ABEETTEABE_1_2022,518139.37
ABEETTEABE_2_2022,823143.54
ABEENNEARMAZZ_11_2021,473345.1853333333
ABEENNEARMAZZ_12_2021,458250.81
ABEENNEARMAZZ_1_2022,260746.2
ABEENNEARMAZZ_2_2022,734941.63
ABEAHAMASHL_11_2021,53090.8235
ABEAHAMASHL_12_2021,154073.92333333334
ABEAHAMASHL_1_2022,28110.75
ABEAHAMASHL_2_2022,18699.98
